Player,Team,Elims,Avg Dmg Dealt,Assists,Knocks,KD Ratio,Stage
NoFear,Horaa Esports,19.0,566.0,5.0,10.0,3.17,Group A
SkY,Horaa Esports,15.0,481.0,5.0,9.0,2.5,Group A
SleepY,Horaa Esports,13.0,487.0,7.0,11.0,2.17,Group A
robbzOP,Boars Gaming,13.0,352.0,2.0,7.0,2.17,Group A
Lost,S2G Esports,12.0,270.0,2.0,4.0,2.0,Group A
Darkin,IDA Esports,11.0,440.0,4.0,14.0,1.83,Group A
Zeta,VOIN Esports,10.0,546.0,1.0,9.0,1.67,Group A
REFUS,Aurora Gaming,10.0,415.0,3.0,10.0,1.67,Group A
TernyK,eArena,10.0,334.0,4.0,7.0,1.67,Group A
Chieff,FURIA,10.0,285.0,3.0,8.0,1.67,Group A
Ayala,FURIA,9.0,355.0,3.0,5.0,1.5,Group A
Quick,AlUla Club Esports,9.0,324.0,1.0,7.0,1.5,Group A
Frenzzy,Team Pandum,9.0,294.0,4.0,2.0,1.5,Group A
Higor,FURIA,9.0,281.0,1.0,7.0,1.5,Group A
Zyol,Aurora Gaming,9.0,275.0,4.0,10.0,1.5,Group A
Snowix,Boars Gaming,8.0,333.0,1.0,9.0,1.33,Group A
Focus,GOAT Team,8.0,310.0,4.0,5.0,1.33,Group A
FALAK,4Thrives Esports,8.0,287.0,2.0,5.0,1.33,Group A
JooBrenky,Team Pandum,8.0,284.0,5.0,7.0,1.33,Group A
Emre7,IDA Esports,8.0,259.0,5.0,5.0,1.33,Group A
MORMAN,eArena,8.0,236.0,1.0,5.0,1.33,Group A
Swajn,IDA Esports,7.0,394.0,5.0,5.0,1.17,Group A
TOP,Aurora Gaming,7.0,382.0,2.0,5.0,1.17,Group A
IQ,4Thrives Esports,7.0,175.0,0.0,4.0,1.17,Group A
Rehan,721 Esports,7.0,172.0,1.0,5.0,1.17,Group A
Y4SR,AlUla Club Esports,7.0,160.0,1.0,2.0,1.17,Group A
MALIK,721 Esports,6.0,267.0,1.0,2.0,1.0,Group A
FORCE,GOAT Team,6.0,255.0,2.0,5.0,1.0,Group A
LeonDZ,Team Pandum,6.0,250.0,7.0,6.0,1.0,Group A
T24OP,4Thrives Esports,6.0,248.0,2.0,2.0,1.0,Group A
Dimzy,Team Pandum,6.0,247.0,3.0,7.0,1.0,Group A
Zhius,Team Flash,6.0,201.0,1.0,3.0,1.0,Group A
win,Team Plash,6.0,187.0,0.0,6.0,1.0,Group A
JiGGL3,Horaa Esports,6.0,186.0,3.0,3.0,1.0,Group A
HamsiG,S2G Esports,5.0,223.0,3.0,3.0,0.83,Group A
Kamikaze,S2G Esports,5.0,173.0,1.0,4.0,0.83,Group A
Apkrino,ETSH Esports,5.0,168.0,0.0,1.0,0.83,Group A
Rita,IDA Esports,5.0,149.0,6.0,3.0,0.83,Group A
WAGNERZADA,Boars Gaming,4.0,407.0,5.0,4.0,0.67,Group A
Bowz,Team Flash,4.0,200.0,2.0,3.0,0.67,Group A
Guizão,Alpha7 Esports,4.0,195.0,4.0,5.0,0.67,Group A
MOXXXYY,GOAT Team,4.0,193.0,1.0,3.0,0.67,Group A
Obscure,Alpha7 Esports,4.0,166.0,1.0,5.0,0.67,Group A
HUZAIFA,4Thrives Esports,3.0,316.0,3.0,7.0,0.5,Group A
Silenceee,FURIA,3.0,230.0,5.0,3.0,0.5,Group A
Masko,721 Esports,3.0,203.0,1.0,2.0,0.5,Group A
Revo,Alpha7 Esports,3.0,197.0,3.0,5.0,0.5,Group A
FAHiTA,ETSH Esports,3.0,192.0,2.0,4.0,0.5,Group A
DOK,Aurora Gaming,3.0,182.0,4.0,6.0,0.5,Group A
KŁAWSINHO,AlUla Club Esports,3.0,178.0,1.0,2.0,0.5,Group A
SchwepXz,eArena,3.0,177.0,4.0,1.0,0.5,Group A
Jowker,eArena,3.0,158.0,1.0,1.0,0.5,Group A
AYATO,GOAT Team,3.0,130.0,2.0,3.0,0.5,Group A
Voxie,VOIN Esports,3.0,120.0,0.0,0.0,0.5,Group A
Carrilho,Alpha7 Esports,3.0,67.0,2.0,1.0,0.5,Group A
Boycil,VOIN Esports,2.0,174.0,0.0,4.0,0.33,Group A
Solkay,S2G Esports,2.0,118.0,5.0,0.0,0.33,Group A
Terminuz,Boars Gaming,2.0,101.0,2.0,3.0,0.33,Group A
ALEKO,721 Esports,2.0,100.0,1.0,2.0,0.33,Group A
Potato,VOIN Esports,2.0,78.0,1.0,1.0,0.33,Group A
Topz,Team Flash,1.0,124.0,2.0,2.0,0.17,Group A
SPEED32,ETSH Esports,1.0,93.0,1.0,0.0,0.17,Group A
NASSER,ETSH Esports,1.0,64.0,2.0,0.0,0.17,Group A
R3B,AlUla Club Esports,0.0,109.0,3.0,3.0,0.0,Group A
Eren7,ULF Esports,17.0,607.0,9.0,22.0,2.83,Group B
FEDERALES,Bigetron by Vitality,17.0,565.0,10.0,20.0,2.83,Group B
Kecth,ULF Esports,15.0,443.0,6.0,13.0,2.5,Group B
NEOZ,TT Project,14.0,478.0,12.0,13.0,2.33,Group B
Yummy,BOOM Esports,14.0,466.0,3.0,15.0,2.33,Group B
Reyzak,Bigetron by Vitality,13.0,389.0,8.0,11.0,2.17,Group B
EZ4BADBOY,Geekay Esports,13.0,355.0,4.0,13.0,2.17,Group B
ZERYCH,TT Project,12.0,412.0,7.0,8.0,2.0,Group B
Rolex20,Gaming Stars Esports,12.0,379.0,5.0,8.0,2.0,Group B
Reizy,Bigetron by Vitality,11.0,430.0,8.0,7.0,2.2,Group B
Axel,Bigetron by Vitality,10.0,340.0,9.0,6.0,1.67,Group B
Yuseph,Gaming Stars Esports,10.0,280.0,3.0,9.0,1.67,Group B
Mani4c,Gaming Stars Esports,9.0,418.0,6.0,11.0,1.5,Group B
SLONIK,Wolves Esports,9.0,279.0,0.0,9.0,1.5,Group B
FrozeNNX,FUT Esports,9.0,261.0,1.0,9.0,1.5,Group B
EFFECT,TT Project,9.0,166.0,6.0,7.0,1.5,Group B
Swash,Gaming Stars Esports,8.0,366.0,7.0,9.0,1.33,Group B
Amoori,R8 Esports,8.0,307.0,1.0,11.0,1.33,Group B
Narvalow,The Vicious,7.0,281.0,2.0,7.0,1.17,Group B
NCSSRY,Wolves Esports,6.0,313.0,2.0,7.0,1.0,Group B
Elberryl,BOOM Esports,6.0,308.0,5.0,8.0,1.0,Group B
4YDO,Nigma Galaxy,6.0,303.0,3.0,8.0,1.0,Group B
Devil,XForce Rejects,6.0,237.0,3.0,6.0,1.0,Group B
Shiva,XForce Rejects,6.0,222.0,3.0,5.0,1.0,Group B
Baby,XForce Rejects,6.0,222.0,2.0,4.0,1.0,Group B
Coa77,The Vicious,6.0,194.0,4.0,6.0,1.0,Group B
Rafinha,Loops Esports,5.0,304.0,6.0,5.0,0.83,Group B
Vitinn,Loops Esports,5.0,266.0,4.0,8.0,0.83,Group B
B5eT,R8 Esports,5.0,265.0,5.0,6.0,0.83,Group B
Icy,The Vicious,5.0,260.0,2.0,5.0,0.83,Group B
Scarface,ULF Esports,5.0,192.0,5.0,3.0,0.83,Group B
LORD,Nigma Galaxy,5.0,184.0,3.0,4.0,0.83,Group B
Diego,Loops Esports,5.0,176.0,4.0,7.0,0.83,Group B
Fearless,Trained to Kill,5.0,150.0,2.0,6.0,0.83,Group B
Zwolf,FUT Esports,4.0,347.0,3.0,8.0,0.67,Group B
EFFYIS,TT Project,4.0,208.0,3.0,5.0,0.67,Group B
DORIN23,The Vicious,4.0,203.0,4.0,6.0,0.67,Group B
Law,Loops Esports,4.0,192.0,5.0,5.0,0.67,Group B
Baton,Wolves Esports,4.0,184.0,1.0,5.0,0.67,Group B
Igneous,Trained to Kill,4.0,170.0,2.0,3.0,0.67,Group B
Marth,R8 Esports,4.0,168.0,3.0,5.0,0.67,Group B
RAGNARoK,Geekay Esports,4.0,156.0,4.0,4.0,0.67,Group B
Firen,RRQ RYU,4.0,142.0,2.0,6.0,0.67,Group B
SAFG,Geekay Esports,4.0,130.0,3.0,3.0,0.67,Group B
Soulless,ULF Esports,3.0,287.0,5.0,7.0,0.5,Group B
KEVIN,Geekay Esports,3.0,266.0,6.0,6.0,0.5,Group B
Okta,BOOM Esports,3.0,248.0,4.0,4.0,0.5,Group B
SaTaN,Nigma Galaxy,3.0,217.0,2.0,6.0,0.5,Group B
Sanju,BOOM Esports,3.0,206.0,2.0,4.0,0.5,Group B
Lapar,RRQ RYU,3.0,143.0,4.0,3.0,0.5,Group B
RuLzSR,Trained to Kill,3.0,135.0,1.0,2.0,0.5,Group B
Reverb,XForce Rejects,3.0,134.0,2.0,6.0,0.5,Group B
Nerpehko,RRQ RYU,3.0,131.0,2.0,5.0,0.5,Group B
RAOUF,Nigma Galaxy,3.0,123.0,3.0,1.0,0.5,Group B
PrEStlGe,R8 Esports,3.0,107.0,2.0,4.0,0.5,Group B
Loco,Hustler Crew,3.0,104.0,0.0,3.0,0.5,Group B
GenFos,RRQ RYU,2.0,153.0,0.0,2.0,0.33,Group B
Lmntrixxx,Wolves Esports,2.0,139.0,1.0,1.0,0.33,Group B
Kein,FUT Esports,2.0,107.0,0.0,2.0,0.33,Group B
SlaYer,Trained to Kill,1.0,97.0,1.0,3.0,0.17,Group B
Vinnie,Hustler Crew,1.0,67.0,0.0,1.0,0.17,Group B
V3xxy,Bigetron by Vitality,1.0,64.0,0.0,1.0,1.0,Group B
KAL3Y,Hustler Crew,0.0,156.0,0.0,4.0,0.0,Group B
Swain,FUT Esports,0.0,62.0,3.0,1.0,0.0,Group B
AaZzMmm,Hustler Crew,0.0,39.0,0.0,1.0,0.0,Group B
Zhius,Team Flash,18.0,452.0,4.0,15.0,3.0,Survival Stage
FALAK,4Thrives Esports,15.0,284.0,3.0,9.0,2.5,Survival Stage
Y4SR,AlUla Club Esports,14.0,390.0,5.0,13.0,2.33,Survival Stage
Focus,GOAT Team,13.0,342.0,4.0,12.0,2.17,Survival Stage
Vitinn,Loops Esports,13.0,306.0,5.0,9.0,2.17,Survival Stage
AYATO,GOAT Team,12.0,433.0,8.0,11.0,2.0,Survival Stage
FORCE,GOAT Team,12.0,362.0,8.0,9.0,2.0,Survival Stage
NCSSRY,Wolves Esports,11.0,435.0,7.0,12.0,1.83,Survival Stage
T24OP,4Thrives Esports,11.0,386.0,8.0,12.0,1.83,Survival Stage
DORIN23,The Vicious,11.0,296.0,4.0,9.0,1.83,Survival Stage
SaTaN,Nigma Galaxy,10.0,279.0,6.0,11.0,1.67,Survival Stage
Masko,721 Esports,10.0,245.0,3.0,7.0,1.67,Survival Stage
win,Team Flash,9.0,380.0,4.0,10.0,1.5,Survival Stage
HUZAIFA,4Thrives Esports,9.0,364.0,4.0,11.0,1.5,Survival Stage
Diego,Loops Esports,9.0,347.0,6.0,9.0,1.5,Survival Stage
Topz,Team Flash,9.0,325.0,8.0,7.0,1.5,Survival Stage
FrozeNNX,FUT Esports,9.0,261.0,4.0,6.0,1.5,Survival Stage
LORD,Nigma Galaxy,8.0,485.0,8.0,13.0,1.33,Survival Stage
Zwolf,FUT Esports,8.0,284.0,6.0,6.0,1.33,Survival Stage
Kein,FUT Esports,8.0,186.0,3.0,5.0,1.33,Survival Stage
KŁAWSINHO,AlUla Club Esports,8.0,176.0,5.0,9.0,1.33,Survival Stage
Emre7,IDA Esports,7.0,312.0,3.0,8.0,1.17,Survival Stage
Fearless,Trained to Kill,7.0,256.0,1.0,6.0,1.17,Survival Stage
IQ,4Thrives Esports,7.0,217.0,5.0,7.0,1.17,Survival Stage
MALIK,721 Esports,6.0,239.0,2.0,4.0,1.0,Survival Stage
R3B,AlUla Club Esports,6.0,169.0,5.0,5.0,1.0,Survival Stage
Rita,IDA Esports,6.0,156.0,0.0,5.0,1.0,Survival Stage
RuLzSR,Trained to Kill,6.0,112.0,0.0,5.0,1.0,Survival Stage
Bowz,Team Flash,5.0,374.0,9.0,7.0,0.83,Survival Stage
Swajn,IDA Esports,5.0,366.0,1.0,7.0,0.83,Survival Stage
Swain,FUT Esports,5.0,302.0,8.0,8.0,0.83,Survival Stage
Baton,Wolves Esports,5.0,225.0,4.0,10.0,0.83,Survival Stage
4YDO,Nigma Galaxy,5.0,225.0,5.0,9.0,0.83,Survival Stage
SLONIK,Wolves Esports,5.0,215.0,6.0,3.0,0.83,Survival Stage
Icy,The Vicious,5.0,205.0,3.0,3.0,0.83,Survival Stage
robbzOP,Boars Gaming,5.0,197.0,3.0,5.0,0.83,Survival Stage
Rehan,721 Esports,5.0,164.0,4.0,4.0,0.83,Survival Stage
Lmntrixxx,Wolves Esports,5.0,144.0,3.0,6.0,0.83,Survival Stage
Law,Loops Esports,4.0,283.0,6.0,6.0,0.67,Survival Stage
Coa77,The Vicious,4.0,282.0,8.0,8.0,0.67,Survival Stage
Quick,AlUla Club Esports,4.0,278.0,9.0,5.0,0.67,Survival Stage
REDOX,The Vicious,4.0,172.0,2.0,4.0,0.67,Survival Stage
Amoori,R8 Esports,4.0,152.0,3.0,4.0,0.67,Survival Stage
ALEKO,721 Esports,4.0,149.0,2.0,5.0,0.67,Survival Stage
Shiva,XForce Rejects,4.0,131.0,0.0,3.0,0.67,Survival Stage
RAOUF,Nigma Galaxy,3.0,199.0,2.0,5.0,0.5,Survival Stage
WAGNERZADA,Boars Gaming,3.0,182.0,0.0,4.0,0.5,Survival Stage
Igneous,Trained to Kill,3.0,178.0,3.0,4.0,0.5,Survival Stage
Reverb,XForce Rejects,3.0,169.0,0.0,3.0,0.5,Survival Stage
Marth,R8 Esports,3.0,167.0,2.0,5.0,0.5,Survival Stage
Darkin,IDA Esports,3.0,157.0,1.0,5.0,0.5,Survival Stage
Potato,VOIN Esports,3.0,144.0,4.0,3.0,0.5,Survival Stage
Snowix,Boars Gaming,3.0,139.0,2.0,2.0,0.5,Survival Stage
B5eT,R8 Esports,2.0,312.0,1.0,3.0,1.0,Survival Stage
Boycil,VOIN Esports,2.0,186.0,1.0,7.0,0.33,Survival Stage
Rafinha,Loops Esports,2.0,182.0,6.0,2.0,0.33,Survival Stage
Zeta,VOIN Esports,2.0,180.0,1.0,2.0,0.33,Survival Stage
MOXXXYY,GOAT Team,2.0,176.0,8.0,2.0,0.33,Survival Stage
Voxie,VOIN Esports,2.0,160.0,2.0,2.0,0.33,Survival Stage
Baby,XForce Rejects,2.0,106.0,0.0,3.0,0.33,Survival Stage
PrEStlGe,R8 Esports,1.0,95.0,2.0,2.0,0.17,Survival Stage
SKTON,R8 Esports,1.0,67.0,1.0,1.0,0.25,Survival Stage
Terminuz,Boars Gaming,1.0,62.0,1.0,0.0,0.17,Survival Stage
Devil,XForce Rejects,1.0,54.0,3.0,1.0,0.17,Survival Stage
SlaYer,Trained to Kill,0.0,38.0,2.0,0.0,0.0,Survival Stage
Kecth,ULF Esports,27.0,420.0,13.0,19.0,2.25,Grand Finals
Ayala,FURIA,22.0,371.0,12.0,21.0,1.83,Grand Finals
HamsiG,S2G Esports,22.0,352.0,7.0,20.0,1.83,Grand Finals
NEOZ,TT Project,21.0,321.0,7.0,21.0,1.75,Grand Finals
Silenceee,FURIA,20.0,335.0,15.0,21.0,1.67,Grand Finals
T24OP,4Thrives Esports,20.0,329.0,13.0,17.0,1.67,Grand Finals
SkY,Horaa Esports,19.0,373.0,10.0,20.0,1.58,Grand Finals
IQ,4Thrives Esports,19.0,349.0,12.0,21.0,1.58,Grand Finals
Focus,GOAT Team,19.0,333.0,6.0,19.0,1.58,Grand Finals
HUZAIFA,4Thrives Esports,19.0,300.0,6.0,17.0,1.58,Grand Finals
FALAK,4Thrives Esports,19.0,297.0,10.0,16.0,1.58,Grand Finals
Eren7,ULF Esports,19.0,287.0,10.0,17.0,1.58,Grand Finals
Scarface,ULF Esports,18.0,361.0,14.0,14.0,1.5,Grand Finals
Swash,Gaming Star Esports,17.0,337.0,8.0,22.0,1.42,Grand Finals
DOK,Aurora Gaming,17.0,325.0,7.0,17.0,1.42,Grand Finals
FORCE,GOAT Team,17.0,292.0,8.0,15.0,1.42,Grand Finals
Kamikaze,S2G Esports,15.0,323.0,6.0,19.0,1.25,Grand Finals
Yummy,BOOM Esports,15.0,305.0,6.0,15.0,1.25,Grand Finals
Jowker,eArena,15.0,208.0,11.0,11.0,1.25,Grand Finals
SchwepXz,eArena,14.0,227.0,13.0,12.0,1.17,Grand Finals
MORMAN,eArena,14.0,213.0,10.0,10.0,1.17,Grand Finals
Okta,BOOM Esports,13.0,328.0,7.0,17.0,1.08,Grand Finals
SleepY,Horaa Esports,13.0,308.0,5.0,22.0,1.08,Grand Finals
win,Team Flash,13.0,294.0,5.0,15.0,1.08,Grand Finals
TernyK,eArena,13.0,263.0,18.0,15.0,1.08,Grand Finals
NoFear,Horaa Esports,13.0,245.0,3.0,13.0,1.08,Grand Finals
REFUS,Aurora Gaming,12.0,280.0,11.0,17.0,1.0,Grand Finals
Elberryl,BOOM Esports,12.0,270.0,8.0,11.0,1.0,Grand Finals
Reizy,Bigetron by Vitality,12.0,248.0,9.0,16.0,1.0,Grand Finals
Zhius,Team Flash,12.0,235.0,9.0,12.0,1.0,Grand Finals
ZERYCH,TT Project,12.0,231.0,10.0,10.0,1.0,Grand Finals
Higor,FURIA,12.0,220.0,12.0,15.0,1.0,Grand Finals
Axel,Bigetron by Vitality,12.0,194.0,6.0,9.0,1.0,Grand Finals
Rolex20,Gaming Star Esports,11.0,325.0,9.0,19.0,0.92,Grand Finals
MALIK,721 Esports,11.0,265.0,5.0,15.0,0.92,Grand Finals
Chieff,FURIA,11.0,265.0,14.0,10.0,0.92,Grand Finals
Rehan,721 Esports,11.0,253.0,12.0,10.0,0.92,Grand Finals
Masko,721 Esports,11.0,193.0,8.0,14.0,0.92,Grand Finals
TOP,Aurora Gaming,10.0,363.0,11.0,16.0,0.83,Grand Finals
Bowz,Team Flash,10.0,243.0,3.0,14.0,0.83,Grand Finals
Reyzak,Bigetron by Vitality,10.0,204.0,9.0,12.0,0.83,Grand Finals
Topz,Team Flash,10.0,189.0,6.0,14.0,0.83,Grand Finals
EFFECT,TT Project,9.0,251.0,8.0,13.0,0.75,Grand Finals
EZ4BADBOY,Geekay Esports,9.0,208.0,5.0,12.0,0.75,Grand Finals
SAFG,Geekay Esports,9.0,185.0,4.0,10.0,0.75,Grand Finals
EFFYIS,TT Project,9.0,180.0,6.0,10.0,0.75,Grand Finals
Sanju,BOOM Esports,9.0,175.0,3.0,12.0,0.75,Grand Finals
Solkay,S2G Esports,9.0,174.0,4.0,8.0,0.75,Grand Finals
Mani4c,Gaming Star Esports,9.0,161.0,6.0,7.0,0.75,Grand Finals
JooBrenky,Team Pandum,9.0,157.0,5.0,7.0,0.75,Grand Finals
Zyol,Aurora Gaming,8.0,239.0,7.0,13.0,0.67,Grand Finals
KEVIN,Geekay Esports,8.0,155.0,3.0,8.0,0.67,Grand Finals
AYATO,GOAT Team,7.0,227.0,10.0,8.0,0.58,Grand Finals
Lost,S2G Esports,7.0,132.0,10.0,3.0,0.58,Grand Finals
FEDERALES,Bigetron by Vitality,6.0,232.0,13.0,12.0,0.5,Grand Finals
Soulless,ULF Esports,6.0,187.0,14.0,8.0,0.5,Grand Finals
MOXXXYY,GOAT Team,6.0,151.0,9.0,5.0,0.5,Grand Finals
Yuseph,Gaming Star Esports,5.0,257.0,8.0,4.0,0.42,Grand Finals
RAGNARoK,Geekay Esports,4.0,192.0,8.0,6.0,0.33,Grand Finals
LeonDZ,Team Pandum,4.0,109.0,3.0,6.0,0.33,Grand Finals
JiGGL3,Horaa Esports,4.0,83.0,5.0,3.0,0.33,Grand Finals
ALEKO,721 Esports,3.0,99.0,6.0,6.0,0.25,Grand Finals
Frenzzy,Team Pandum,3.0,80.0,1.0,4.0,0.25,Grand Finals
Dimzy,Team Pandum,1.0,75.0,0.0,4.0,0.08,Grand Finals
