Group Stage: Group B Statistics,,,,,,,,,,,,,,,,,,,,,,
#,Player,Team,"Matches
Played",Elims,"Avg. Dmg.
Dealt","Damage
Dealt",Assists,Knocks,"Head
Shots","KD
Ratio","Max Elim
Range","Survival
Time","Damage
Received","Healing
Done",Deaths,"Smokes
Used","Grenades
Used","Grenade
Elims","Airdrops
Taken","Distance
Driven","Distance
Walked","Distance
Traveled"
1,Eren7,ULF Esports,6,17,607,"3,642",9,22,0,2.83,221,"8,757","1,493",959,5,24,27,2,0,"37,138","11,181","48,319"
2,FEDERALES,Bigetron by Vitality,6,17,565,"3,390",10,20,1,2.83,327,"9,587","2,067","1,524",5,41,36,2,0,"52,530","10,901","63,431"
3,Kecth,ULF Esports,6,15,443,"2,659",6,13,1,2.5,289,"8,212","1,788",977,5,17,23,4,0,"45,354","9,782","55,136"
4,NEOZ,TT Project,6,14,478,"2,873",12,13,2,2.33,264,"7,483","1,358","1,773",6,20,19,1,1,"54,336","9,275","63,611"
5,Yummy,BOOM Esports,6,14,466,"2,799",3,15,2,2.33,366,"8,299","2,117","1,259",6,15,21,4,1,"51,996","12,956","64,952"
6,Reyzak,Bigetron by Vitality,6,13,389,"2,335",8,11,3,2.17,370,"8,965","2,149","1,644",5,19,9,2,0,"48,451","11,354","59,805"
7,EZ4BADBOY,Geekay Esports,6,13,355,"2,132",4,13,3,2.17,173,"6,652","1,336","1,006",5,14,15,0,0,"34,964","8,565","43,529"
8,ZERYCH,TT Project,6,12,412,"2,477",7,8,3,2,311,"7,481","1,565","1,702",6,15,8,1,1,"45,029","10,639","55,668"
9,Rolex20,Gaming Stars Esports,6,12,379,"2,279",5,8,5,2,288,"8,767","1,800","1,125",5,14,7,1,0,"40,246","12,212","52,458"
10,Reizy,Bigetron by Vitality,5,11,430,"2,154",8,7,4,2.2,102,"7,904","1,584","1,008",4,17,15,3,2,"48,797","9,612","58,409"
11,Axel,Bigetron by Vitality,6,10,340,"2,042",9,6,0,1.67,209,"9,048","1,913","1,334",5,19,13,0,0,"73,077","9,789","82,866"
12,Yuseph,Gaming Stars Esports,6,10,280,"1,683",3,9,4,1.67,361,"8,770","1,458",777,5,17,11,0,1,"39,068","12,966","52,034"
13,Mani4c,Gaming Stars Esports,6,9,418,"2,510",6,11,1,1.5,294,"8,575","1,369",636,5,11,14,2,0,"47,172","11,229","58,401"
14,SLONIK,Wolves Esports,6,9,279,"1,679",0,9,1,1.5,55,"6,803","2,170","1,225",5,17,11,1,0,"37,615","8,931","46,546"
15,FrozeNNX,FUT Esports,6,9,261,"1,569",1,9,1,1.5,308,"8,260","1,417",672,6,12,23,3,0,"55,802","11,415","67,217"
16,EFFECT,TT Project,6,9,166,"1,000",6,7,2,1.5,113,"6,595","1,294","1,578",6,12,10,1,0,"45,001","8,987","53,988"
17,Swash,Gaming Stars Esports,6,8,366,"2,196",7,9,2,1.33,202,"8,830","1,165",679,5,10,11,1,0,"38,058","12,387","50,445"
18,Amoori,R8 Esports,6,8,307,"1,846",1,11,1,1.33,268,"6,931","1,487",560,6,9,8,0,0,"29,109","9,076","38,185"
19,Narvalow,The Vicious,6,7,281,"1,687",2,7,1,1.17,211,"6,278","1,258",554,5,16,9,2,0,"50,421","8,117","58,538"
20,NCSSRY,Wolves Esports,6,6,313,"1,880",2,7,1,1,279,"7,394","1,533",758,5,14,11,0,0,"33,978","8,577","42,555"
21,Elberryl,BOOM Esports,6,6,308,"1,851",5,8,1,1,120,"8,109","1,575","1,209",6,17,14,1,0,"43,504","10,695","54,199"
22,4YDO,Nigma Galaxy,6,6,303,"1,822",3,8,2,1,200,"7,471","1,131",706,6,13,7,0,0,"44,252","8,739","52,991"
23,Devil,XForce Rejects,6,6,237,"1,422",3,6,1,1,263,"7,850","1,269",713,6,11,5,0,0,"37,089","10,200","47,289"
24,Shiva,XForce Rejects,6,6,222,"1,335",3,5,3,1,295,"7,890","1,188",554,6,14,5,0,0,"44,899","9,091","53,990"
25,Baby,XForce Rejects,6,6,222,"1,333",2,4,1,1,238,"6,459","1,438",363,6,12,7,0,1,"23,702","9,628","33,330"
26,Coa77,The Vicious,6,6,194,"1,167",4,6,2,1,164,"6,419","1,377",383,5,5,6,0,0,"47,774","8,389","56,163"
27,Rafinha,Loops Esports,6,5,304,"1,827",6,5,2,0.83,286,"7,437","1,348",426,6,4,1,0,0,"18,287","10,934","29,221"
28,Vitinn,Loops Esports,6,5,266,"1,596",4,8,1,0.83,315,"7,471","1,451",431,6,7,6,1,0,"36,835","10,259","47,094"
29,B5eT,R8 Esports,6,5,265,"1,591",5,6,2,0.83,287,"6,656","1,713",722,6,14,5,2,0,"30,837","9,219","40,056"
30,Icy,The Vicious,6,5,260,"1,563",2,5,0,0.83,157,"7,205","1,273",620,5,19,6,1,0,"39,486","9,568","49,054"
31,Scarface,ULF Esports,6,5,192,"1,156",5,3,3,0.83,180,"5,990","1,658",707,5,12,13,0,0,"27,861","7,084","34,945"
32,LORD,Nigma Galaxy,6,5,184,"1,108",3,4,1,0.83,158,"7,580","1,343",731,6,7,8,0,0,"42,609","10,719","53,328"
33,Diego,Loops Esports,6,5,176,"1,056",4,7,1,0.83,197,"8,148","1,085",170,6,14,10,0,0,"30,367","11,015","41,382"
34,Fearless,Trained to Kill,6,5,150,901,2,6,2,0.83,251,"6,414","1,094",334,6,1,2,0,0,"40,224","7,335","47,559"
35,Zwolf,FUT Esports,6,4,347,"2,086",3,8,0,0.67,174,"7,440","1,219",449,6,6,7,0,0,"41,547","8,521","50,068"
36,EFFYIS,TT Project,6,4,208,"1,252",3,5,1,0.67,54,"7,434","1,310","1,799",6,12,5,0,0,"52,786","8,735","61,521"
37,DORIN23,The Vicious,6,4,203,"1,219",4,6,1,0.67,69,"6,003","1,362",498,5,5,4,0,0,"58,355","6,327","64,682"
38,Law,Loops Esports,6,4,192,"1,155",5,5,1,0.67,238,"8,052","1,661",684,6,16,5,0,0,"37,781","9,684","47,465"
39,Baton,Wolves Esports,6,4,184,"1,108",1,5,1,0.67,61,"7,388","1,829",961,5,18,6,1,1,"38,443","9,018","47,461"
40,Igneous,Trained to Kill,6,4,170,"1,020",2,3,1,0.67,301,"6,489","1,292",380,6,9,5,0,0,"35,064","9,617","44,681"
41,Marth,R8 Esports,6,4,168,"1,009",3,5,0,0.67,51,"6,515","1,418",598,6,14,12,1,0,"27,300","9,427","36,727"
42,RAGNARoK,Geekay Esports,6,4,156,938,4,4,0,0.67,129,"6,331","1,180",836,5,7,13,0,0,"38,123","7,796","45,919"
43,Firen,RRQ RYU,6,4,142,852,2,6,1,0.67,281,"5,508","1,077",347,6,4,1,0,0,"29,565","7,464","37,029"
44,SAFG,Geekay Esports,6,4,130,783,3,3,1,0.67,372,"6,217",951,619,5,11,7,0,0,"33,135","7,650","40,785"
45,Soulless,ULF Esports,6,3,287,"1,722",5,7,1,0.5,94,"7,535","2,146","1,094",5,12,19,1,0,"33,281","8,969","42,250"
46,KEVIN,Geekay Esports,6,3,266,"1,596",6,6,1,0.5,168,"6,682","1,225",783,5,17,12,0,0,"39,368","8,870","48,238"
47,Okta,BOOM Esports,6,3,248,"1,489",4,4,1,0.5,102,"7,193","2,003","1,363",6,13,10,0,3,"52,661","8,052","60,713"
48,SaTaN,Nigma Galaxy,6,3,217,"1,303",2,6,1,0.5,150,"7,181","1,260",799,6,1,2,0,1,"35,542","11,764","47,306"
49,Sanju,BOOM Esports,6,3,206,"1,236",2,4,0,0.5,162,"7,823","1,370",806,6,16,4,0,0,"37,778","9,915","47,693"
50,Lapar,RRQ RYU,6,3,143,862,4,3,0,0.5,66,"5,478",998,429,6,14,4,1,0,"32,447","7,774","40,221"
51,RuLzSR,Trained to Kill,6,3,135,814,1,2,1,0.5,108,"6,892","1,393",738,6,9,0,0,0,"44,341","7,491","51,832"
52,Reverb,XForce Rejects,6,3,134,804,2,6,1,0.5,161,"5,961","1,382",489,6,8,2,0,0,"31,198","8,265","39,463"
53,Nerpehko,RRQ RYU,6,3,131,791,2,5,0,0.5,232,"4,793","1,215",272,6,1,4,0,0,"32,257","6,028","38,285"
54,RAOUF,Nigma Galaxy,6,3,123,738,3,1,0,0.5,81,"7,111","1,593",959,6,14,3,0,0,"43,275","9,204","52,479"
55,PrEStlGe,R8 Esports,6,3,107,643,2,4,1,0.5,218,"6,260","1,393",468,6,8,1,0,0,"36,510","7,806","44,316"
56,Loco,Hustler Crew,6,3,104,628,0,3,0,0.5,373,"6,915","1,418",404,6,7,3,0,0,"37,940","7,822","45,762"
57,GenFos,RRQ RYU,6,2,153,923,0,2,0,0.33,9,"4,695","1,121",179,6,5,2,0,0,"14,935","7,812","22,747"
58,Lmntrixxx,Wolves Esports,6,2,139,839,1,1,0,0.33,225,"7,809","2,344","1,477",5,17,11,1,1,"36,314","9,847","46,161"
59,Kein,FUT Esports,6,2,107,643,0,2,1,0.33,277,"6,498","1,356",223,6,8,4,0,0,"45,562","8,942","54,504"
60,SlaYer,Trained to Kill,6,1,97,582,1,3,0,0.17,3,"6,685","1,208",504,6,10,6,0,0,"52,049","6,721","58,770"
61,Vinnie,Hustler Crew,6,1,67,407,0,1,0,0.17,17,"7,890","1,236",685,6,7,3,0,0,"30,927","10,238","41,165"
62,V3xxy,Bigetron by Vitality,1,1,64,64,0,1,0,1,316,"1,272",325,279,1,1,0,0,0,"9,754","1,262","11,016"
63,KAL3Y,Hustler Crew,6,0,156,938,0,4,0,0,0,"7,365","1,130",380,6,8,5,0,0,"27,176","8,869","36,045"
64,Swain,FUT Esports,6,0,62,373,3,1,0,0,0,"5,692","1,210",309,6,9,4,0,0,"32,802","7,530","40,332"
65,AaZzMmm,Hustler Crew,6,0,39,236,0,1,0,0,0,"6,351","1,360",372,6,10,2,0,0,"30,044","6,782","36,826"