Grand Finals Statistics,,,,,,,,,,,,,,,,,,,,,,
#,Player,Team,"Matches
Played",Elims,"Avg. Dmg.
Dealt","Damage
Dealt",Assists,Knocks,"Head
Shots","KD
Ratio","Max Elim
Range","Survival
Time","Damage
Received","Healing
Done",Deaths,"Smokes
Used","Grenades
Used","Grenade
Elims","Airdrops
Taken","Distance
Driven","Distance
Walked","Distance
Traveled"
1,Kecth,ULF Esports,12,27,420,"5,043",13,19,4,2.25,300,"16,876","2,924","1,719",11,23,28,5,1,"90,013","20,044","110,057"
2,Ayala,FURIA,12,22,371,"4,463",12,21,3,1.83,267,"15,674","3,930","2,696",10,50,33,3,1,"93,375","20,763","114,138"
3,HamsiG,S2G Esports,12,22,352,"4,232",7,20,3,1.83,356,"15,125","2,955","1,951",11,25,26,2,2,"94,693","19,319","114,012"
4,NEOZ,TT Project,12,21,321,"3,859",7,21,3,1.75,256,"12,954","2,508","1,131",11,18,11,3,0,"80,754","16,393","97,147"
5,Silenceee,FURIA,12,20,335,"4,030",15,21,5,1.67,266,"15,232","3,721","2,770",10,25,22,3,1,"78,127","22,704","100,831"
6,T24OP,4Thrives Esports,12,20,329,"3,951",13,17,4,1.67,299,"14,839","3,008","1,517",9,44,23,1,0,"70,141","18,358","88,499"
7,SkY,Horaa Esports,12,19,373,"4,482",10,20,6,1.58,302,"12,380","3,057","1,227",12,25,12,1,0,"76,064","16,617","92,681"
8,IQ,4Thrives Esports,12,19,349,"4,194",12,21,3,1.58,300,"14,589","3,019","1,434",9,36,16,4,0,"71,341","20,545","91,886"
9,Focus,GOAT Team,12,19,333,"3,998",6,19,4,1.58,216,"15,987","3,250","2,448",12,59,29,3,1,"117,246","20,704","137,950"
10,HUZAIFA,4Thrives Esports,12,19,300,"3,602",6,17,5,1.58,225,"14,311","3,349","1,195",9,30,21,2,0,"77,571","17,513","95,084"
11,FALAK,4Thrives Esports,12,19,297,"3,568",10,16,4,1.58,321,"13,381","3,443","1,219",9,52,30,7,0,"69,943","19,894","89,837"
12,Eren7,ULF Esports,12,19,287,"3,445",10,17,5,1.58,255,"14,612","2,902","1,154",11,35,19,2,1,"78,134","19,587","97,721"
13,Scarface,ULF Esports,12,18,361,"4,333",14,14,6,1.5,287,"15,221","3,453","1,649",11,34,37,3,1,"84,489","17,724","102,213"
14,Swash,Gaming Star Esports,12,17,337,"4,045",8,22,2,1.42,236,"14,212","2,632","1,210",12,22,13,1,0,"64,110","18,585","82,695"
15,DOK,Aurora Gaming,12,17,325,"3,908",7,17,4,1.42,235,"14,071","3,337","1,613",11,39,28,1,1,"87,505","21,044","108,549"
16,FORCE,GOAT Team,12,17,292,"3,511",8,15,1,1.42,380,"15,312","3,441","2,418",12,24,13,1,0,"113,621","19,979","133,600"
17,Kamikaze,S2G Esports,12,15,323,"3,879",6,19,2,1.25,147,"14,762","3,295","2,491",11,29,15,0,0,"104,173","17,700","121,873"
18,Yummy,BOOM Esports,12,15,305,"3,666",6,15,3,1.25,306,"14,222","2,814","1,514",12,36,13,2,0,"84,935","23,574","108,509"
19,Jowker,eArena,12,15,208,"2,507",11,11,6,1.25,293,"14,119","2,904","1,547",11,40,17,1,0,"87,340","19,758","107,098"
20,SchwepXz,eArena,12,14,227,"2,726",13,12,1,1.17,274,"14,253","2,968","1,452",11,28,11,3,1,"90,869","21,753","112,622"
21,MORMAN,eArena,12,14,213,"2,561",10,10,2,1.17,153,"14,782","2,583","1,798",11,51,17,1,0,"81,838","19,070","100,908"
22,Okta,BOOM Esports,12,13,328,"3,941",7,17,0,1.08,285,"13,394","3,139","1,360",12,15,20,5,1,"70,188","16,578","86,766"
23,SleepY,Horaa Esports,12,13,308,"3,698",5,22,3,1.08,248,"11,879","3,229","1,015",12,18,15,1,2,"62,918","16,385","79,303"
24,win,Team Flash,12,13,294,"3,537",5,15,3,1.08,388,"14,755","2,916","1,286",11,27,18,2,0,"81,388","16,576","97,964"
25,TernyK,eArena,12,13,263,"3,158",18,15,2,1.08,138,"14,746","2,417","1,411",11,48,27,5,0,"83,053","18,600","101,653"
26,NoFear,Horaa Esports,12,13,245,"2,944",3,13,2,1.08,381,"13,247","2,905","1,081",12,21,25,3,0,"69,636","17,883","87,519"
27,REFUS,Aurora Gaming,12,12,280,"3,367",11,17,1,1,204,"13,713","2,904","1,250",11,29,18,0,1,"71,653","22,345","93,998"
28,Elberryl,BOOM Esports,12,12,270,"3,245",8,11,3,1,174,"14,454","2,503","1,152",12,42,20,0,0,"69,970","19,739","89,709"
29,Reizy,Bigetron by Vitality,12,12,248,"2,979",9,16,2,1,163,"13,796","3,191","1,666",12,37,21,2,1,"122,893","14,965","137,858"
30,Zhius,Team Flash,12,12,235,"2,821",9,12,2,1,255,"15,841","2,581","1,070",11,31,9,0,0,"98,402","17,166","115,568"
31,ZERYCH,TT Project,12,12,231,"2,777",10,10,1,1,375,"14,155","2,505",897,11,26,12,0,0,"68,155","19,403","87,558"
32,Higor,FURIA,12,12,220,"2,644",12,15,0,1,308,"14,812","3,489","1,958",10,36,18,2,2,"105,304","17,222","122,526"
33,Axel,Bigetron by Vitality,12,12,194,"2,337",6,9,2,1,156,"13,940","2,418","1,301",12,29,8,1,0,"164,087","11,448","175,535"
34,Rolex20,Gaming Star Esports,12,11,325,"3,903",9,19,3,0.92,247,"13,384","2,362","1,117",12,18,13,0,0,"62,346","18,571","80,917"
35,MALIK,721 Esports,12,11,265,"3,190",5,15,2,0.92,248,"12,038","2,964","1,054",12,29,14,0,1,"45,528","15,470","60,998"
36,Chieff,FURIA,12,11,265,"3,190",14,10,3,0.92,365,"14,849","3,167","2,004",10,30,11,0,0,"85,893","19,237","105,130"
37,Rehan,721 Esports,12,11,253,"3,044",12,10,0,0.92,250,"11,927","2,738","1,227",12,25,15,3,0,"47,042","16,946","63,988"
38,Masko,721 Esports,12,11,193,"2,319",8,14,2,0.92,308,"12,007","2,667",723,12,28,11,0,0,"48,435","16,650","65,085"
39,TOP,Aurora Gaming,12,10,363,"4,356",11,16,2,0.83,283,"14,446","3,442","1,781",11,18,13,0,0,"69,304","23,248","92,552"
40,Bowz,Team Flash,12,10,243,"2,924",3,14,3,0.83,269,"14,867","2,659","1,054",11,31,8,1,0,"67,991","16,599","84,590"
41,Reyzak,Bigetron by Vitality,12,10,204,"2,457",9,12,1,0.83,170,"13,658","2,894","2,108",12,22,11,1,0,"108,105","15,048","123,153"
42,Topz,Team Flash,12,10,189,"2,277",6,14,3,0.83,288,"15,849","3,559","1,665",11,8,12,1,2,"103,661","19,513","123,174"
43,EFFECT,TT Project,12,9,251,"3,012",8,13,2,0.75,91,"14,426","2,626","1,143",11,33,23,1,2,"102,981","16,091","119,072"
44,EZ4BADBOY,Geekay Esports,12,9,208,"2,498",5,12,2,0.75,265,"13,519","3,307","1,755",11,10,12,0,1,"81,293","18,462","99,755"
45,SAFG,Geekay Esports,12,9,185,"2,226",4,10,1,0.75,276,"14,183","2,535","1,399",11,17,19,1,0,"76,456","18,936","95,392"
46,EFFYIS,TT Project,12,9,180,"2,163",6,10,4,0.75,287,"14,423","2,211",923,11,23,12,1,0,"79,646","19,756","99,402"
47,Sanju,BOOM Esports,12,9,175,"2,108",3,12,2,0.75,275,"15,132","2,217","1,032",12,28,9,1,1,"85,815","19,942","105,757"
48,Solkay,S2G Esports,12,9,174,"2,093",4,8,0,0.75,121,"13,779","2,278","1,413",11,11,12,0,0,"93,121","16,529","109,650"
49,Mani4c,Gaming Star Esports,12,9,161,"1,936",6,7,2,0.75,174,"12,918","2,750","1,022",12,27,18,3,2,"63,199","19,001","82,200"
50,JooBrenky,Team Pandum,12,9,157,"1,891",5,7,3,0.75,119,"12,945","2,884","1,179",12,17,10,2,0,"87,386","12,551","99,937"
51,Zyol,Aurora Gaming,12,8,239,"2,876",7,13,4,0.67,173,"13,236","3,169","1,592",11,28,33,2,1,"84,915","18,454","103,369"
52,KEVIN,Geekay Esports,12,8,155,"1,867",3,8,2,0.67,258,"14,897","3,182","2,140",11,27,20,0,1,"83,396","21,806","105,202"
53,AYATO,GOAT Team,12,7,227,"2,729",10,8,3,0.58,80,"14,457","3,045","2,096",12,24,17,0,0,"108,333","16,869","125,202"
54,Lost,S2G Esports,12,7,132,"1,588",10,3,2,0.58,181,"14,749","3,488","2,010",11,45,20,0,2,"100,043","19,296","119,339"
55,FEDERALES,Bigetron by Vitality,12,6,232,"2,788",13,12,1,0.5,82,"14,049","3,553","2,406",12,25,17,0,0,"118,912","15,437","134,349"
56,Soulless,ULF Esports,12,6,187,"2,250",14,8,1,0.5,129,"13,642","2,830","1,140",11,17,15,2,0,"86,751","17,669","104,420"
57,MOXXXYY,GOAT Team,12,6,151,"1,821",9,5,1,0.5,131,"14,534","2,606","2,148",12,39,14,0,0,"118,320","16,908","135,228"
58,Yuseph,Gaming Star Esports,12,5,257,"3,084",8,4,2,0.42,269,"13,122","2,870","1,347",12,17,12,0,0,"47,320","21,153","68,473"
59,RAGNARoK,Geekay Esports,12,4,192,"2,305",8,6,1,0.33,301,"12,647","2,948","1,953",11,20,28,0,0,"72,410","18,216","90,626"
60,LeonDZ,Team Pandum,12,4,109,"1,309",3,6,1,0.33,101,"10,346","3,100","1,219",12,9,7,0,0,"55,209","14,228","69,437"
61,JiGGL3,Horaa Esports,12,4,83,997,5,3,1,0.33,179,"11,770","2,471",776,12,16,3,0,0,"84,787","15,326","100,113"
62,ALEKO,721 Esports,12,3,99,"1,194",6,6,0,0.25,220,"10,257","3,439","1,113",12,19,8,0,0,"46,691","17,922","64,613"
63,Frenzzy,Team Pandum,12,3,80,967,1,4,1,0.25,49,"13,134","2,987","1,629",12,15,3,0,1,"90,109","15,165","105,274"
64,Dimzy,Team Pandum,12,1,75,905,0,4,0,0.08,4,"11,556","2,383",820,12,17,6,0,0,"53,916","15,711","69,627"