Survival Stage Statistics,,,,,,,,,,,,,,,,,,,,,,
#,Player,Team,"Matches
Played",Elims,"Avg. Dmg.
Dealt","Damage
Dealt",Assists,Knocks,"Head
Shots","KD
Ratio","Max Elim
Range","Survival
Time","Damage
Received","Healing
Done",Deaths,"Smokes
Used","Grenades
Used","Grenade
Elims","Airdrops
Taken","Distance
Driven","Distance
Walked","Distance
Traveled"
1,Zhius,Team Flash,6,18,452,"2,712",4,15,5,3,235,"8,043","1,122",461,4,20,11,3,0,"31,647","11,375","43,022"
2,FALAK,4Thrives Esports,6,15,284,"1,707",3,9,4,2.5,222,"7,461","1,876",627,5,20,13,3,1,"38,644","11,028","49,672"
3,Y4SR,AlUla Club Esports,6,14,390,"2,342",5,13,4,2.33,173,"8,171","1,415",609,6,13,6,1,0,"48,993","9,090","58,083"
4,Focus,GOAT Team,6,13,342,"2,056",4,12,2,2.17,335,"8,327","1,567",658,5,24,17,0,0,"44,838","12,016","56,854"
5,Vitinn,Loops Esports,6,13,306,"1,841",5,9,3,2.17,216,"8,655","1,694",967,6,23,16,1,0,"61,016","9,090","70,106"
6,AYATO,GOAT Team,6,12,433,"2,602",8,11,2,2,324,"8,444","1,326",611,5,22,20,2,0,"41,439","10,251","51,690"
7,FORCE,GOAT Team,6,12,362,"2,175",8,9,2,2,351,"8,246","1,631",748,5,18,8,0,0,"44,427","9,819","54,246"
8,NCSSRY,Wolves Esports,6,11,435,"2,615",7,12,2,1.83,207,"7,675","1,683","1,042",6,14,14,0,0,"25,944","11,359","37,303"
9,T24OP,4Thrives Esports,6,11,386,"2,316",8,12,1,1.83,217,"7,722","1,484",756,5,18,7,1,0,"45,371","10,031","55,402"
10,DORIN23,The Vicious,6,11,296,"1,779",4,9,2,1.83,195,"7,580","1,091",433,6,7,4,0,2,"59,839","7,159","66,998"
11,SaTaN,Nigma Galaxy,6,10,279,"1,677",6,11,0,1.67,110,"6,938","1,245",500,5,11,18,2,0,"28,843","10,784","39,627"
12,Masko,721 Esports,6,10,245,"1,475",3,7,1,1.67,251,"8,310","1,538",450,6,10,4,1,0,"34,027","10,260","44,287"
13,win,Team Flash,6,9,380,"2,280",4,10,0,1.5,366,"8,540","1,518",902,4,28,26,1,1,"29,710","10,807","40,517"
14,HUZAIFA,4Thrives Esports,6,9,364,"2,187",4,11,1,1.5,71,"7,193","1,214",559,5,28,22,2,1,"37,904","9,702","47,606"
15,Diego,Loops Esports,6,9,347,"2,082",6,9,2,1.5,127,"8,587","1,414",704,6,13,12,1,0,"51,333","9,621","60,954"
16,Topz,Team Flash,6,9,325,"1,950",8,7,3,1.5,285,"7,660",932,384,4,7,11,2,0,"48,611","9,072","57,683"
17,FrozeNNX,FUT Esports,6,9,261,"1,570",4,6,1,1.5,316,"6,170","1,385",404,5,12,3,1,0,"43,758","7,276","51,034"
18,LORD,Nigma Galaxy,6,8,485,"2,913",8,13,3,1.33,226,"7,288","1,683",919,5,9,12,0,0,"31,521","10,873","42,394"
19,Zwolf,FUT Esports,6,8,284,"1,704",6,6,1,1.33,295,"6,199",965,150,5,6,1,0,0,"32,465","8,996","41,461"
20,Kein,FUT Esports,6,8,186,"1,120",3,5,0,1.33,214,"6,453","1,453",422,5,4,4,0,0,"34,938","8,393","43,331"
21,KŁAWSINHO,AlUla Club Esports,6,8,176,"1,059",5,9,1,1.33,69,"7,621","1,787",889,6,13,8,2,0,"57,788","8,610","66,398"
22,Emre7,IDA Esports,6,7,312,"1,872",3,8,2,1.17,313,"7,518","1,893",931,6,7,14,0,0,"49,257","9,693","58,950"
23,Fearless,Trained to Kill,6,7,256,"1,540",1,6,2,1.17,196,"6,158","1,274",448,6,20,4,0,0,"33,673","8,495","42,168"
24,IQ,4Thrives Esports,6,7,217,"1,307",5,7,3,1.17,378,"6,749","1,911",731,5,14,2,0,1,"48,117","7,231","55,348"
25,MALIK,721 Esports,6,6,239,"1,438",2,4,0,1,237,"7,479","1,725",643,6,19,8,1,0,"31,140","7,755","38,895"
26,R3B,AlUla Club Esports,6,6,169,"1,015",5,5,1,1,162,"7,397","1,626",607,6,16,3,0,0,"47,347","10,566","57,913"
27,Rita,IDA Esports,6,6,156,941,0,5,0,1,168,"8,144","1,194",617,6,15,12,1,0,"56,995","9,883","66,878"
28,RuLzSR,Trained to Kill,6,6,112,675,0,5,0,1,73,"5,458","1,721",659,6,11,2,1,0,"32,720","7,849","40,569"
29,Bowz,Team Flash,6,5,374,"2,246",9,7,0,0.83,128,"8,797","1,348",760,4,17,9,0,0,"36,752","11,032","47,784"
30,Swajn,IDA Esports,6,5,366,"2,201",1,7,3,0.83,117,"7,234","1,498",406,6,3,7,1,0,"48,713","8,905","57,618"
31,Swain,FUT Esports,6,5,302,"1,815",8,8,0,0.83,59,"6,939","1,190",331,5,12,9,0,2,"31,351","8,563","39,914"
32,Baton,Wolves Esports,6,5,225,"1,352",4,10,2,0.83,242,"7,044","1,743","1,100",6,12,6,0,0,"31,249","9,595","40,844"
33,4YDO,Nigma Galaxy,6,5,225,"1,355",5,9,2,0.83,100,"7,141","1,653",829,5,17,10,0,0,"34,851","7,966","42,817"
34,SLONIK,Wolves Esports,6,5,215,"1,294",6,3,0,0.83,228,"6,973","1,274",813,6,10,3,1,0,"34,674","9,593","44,267"
35,Icy,The Vicious,6,5,205,"1,234",3,3,2,0.83,182,"7,806","1,381",785,6,17,2,0,0,"44,785","9,445","54,230"
36,robbzOP,Boars Gaming,6,5,197,"1,184",3,5,1,0.83,175,"5,997","1,406",541,6,15,11,1,0,"20,516","10,351","30,867"
37,Rehan,721 Esports,6,5,164,988,4,4,0,0.83,140,"6,114","1,324",359,6,3,0,0,0,"31,691","8,195","39,886"
38,Lmntrixxx,Wolves Esports,6,5,144,866,3,6,0,0.83,83,"6,257","1,348",703,6,8,4,1,0,"26,754","8,902","35,656"
39,Law,Loops Esports,6,4,283,"1,698",6,6,1,0.67,323,"8,496","1,193",350,6,24,11,0,0,"46,893","8,482","55,375"
40,Coa77,The Vicious,6,4,282,"1,692",8,8,0,0.67,306,"7,775","1,531",881,6,18,2,0,0,"49,424","10,155","59,579"
41,Quick,AlUla Club Esports,6,4,278,"1,668",9,5,1,0.67,132,"7,013","1,500","1,038",6,14,5,0,1,"59,180","6,499","65,679"
42,REDOX,The Vicious,6,4,172,"1,037",2,4,1,0.67,291,"6,827","1,249",423,6,9,4,0,0,"46,254","7,523","53,777"
43,Amoori,R8 Esports,6,4,152,916,3,4,0,0.67,235,"6,287","1,374",638,6,8,4,0,0,"57,629","6,687","64,316"
44,ALEKO,721 Esports,6,4,149,895,2,5,0,0.67,92,"6,038","1,519",529,6,10,6,0,0,"27,742","10,040","37,782"
45,Shiva,XForce Rejects,6,4,131,787,0,3,1,0.67,119,"5,575",922,328,6,4,1,1,0,"30,280","5,831","36,111"
46,RAOUF,Nigma Galaxy,6,3,199,"1,196",2,5,1,0.5,331,"7,074","1,543",856,5,6,9,2,0,"29,922","8,738","38,660"
47,WAGNERZADA,Boars Gaming,6,3,182,"1,095",0,4,2,0.5,286,"6,806","1,109",461,6,9,10,0,0,"22,030","9,047","31,077"
48,Igneous,Trained to Kill,6,3,178,"1,071",3,4,2,0.5,86,"6,164","1,437",819,6,19,2,0,0,"46,032","8,169","54,201"
49,Reverb,XForce Rejects,6,3,169,"1,014",0,3,1,0.5,68,"7,400","1,406",526,6,16,5,0,0,"22,188","9,228","31,416"
50,Marth,R8 Esports,6,3,167,"1,002",2,5,1,0.5,164,"6,522","1,295",826,6,20,10,0,0,"51,568","7,148","58,716"
51,Darkin,IDA Esports,6,3,157,943,1,5,1,0.5,289,"6,692","1,583",485,6,16,8,1,0,"43,293","7,428","50,721"
52,Potato,VOIN Esports,6,3,144,864,4,3,1,0.5,140,"7,980","1,291",703,6,7,4,0,1,"55,862","8,027","63,889"
53,Snowix,Boars Gaming,6,3,139,839,2,2,0,0.5,91,"6,858","1,260",496,6,11,6,0,0,"18,672","12,845","31,517"
54,B5eT,R8 Esports,2,2,312,624,1,3,0,1,10,"2,116",355,149,2,6,1,0,0,"21,234","2,023","23,257"
55,Boycil,VOIN Esports,6,2,186,"1,117",1,7,0,0.33,76,"6,872","1,271",672,6,2,9,0,0,"44,112","7,416","51,528"
56,Rafinha,Loops Esports,6,2,182,"1,096",6,2,0,0.33,73,"7,490","1,174",343,6,18,7,0,0,"39,235","8,922","48,157"
57,Zeta,VOIN Esports,6,2,180,"1,082",1,2,0,0.33,154,"6,807","1,495",784,6,7,6,0,2,"48,900","8,829","57,729"
58,MOXXXYY,GOAT Team,6,2,176,"1,058",8,2,1,0.33,187,"8,419","1,344",678,5,24,13,0,0,"48,836","11,091","59,927"
59,Voxie,VOIN Esports,6,2,160,965,2,2,0,0.33,43,"7,857","1,410",857,6,12,3,0,1,"42,429","9,252","51,681"
60,Baby,XForce Rejects,6,2,106,639,0,3,1,0.33,39,"6,410","1,512",514,6,5,5,0,0,"23,067","8,490","31,557"
61,PrEStlGe,R8 Esports,6,1,95,575,2,2,0,0.17,21,"6,065","1,222",308,6,8,4,0,0,"50,995","6,963","57,958"
62,SKTON,R8 Esports,4,1,67,269,1,1,1,0.25,8,"4,309",591,211,4,7,10,0,0,"30,633","5,960","36,593"
63,Terminuz,Boars Gaming,6,1,62,376,1,0,0,0.17,31,"6,990","1,397",425,6,7,8,0,0,"17,710","9,298","27,008"
64,Devil,XForce Rejects,6,1,54,327,3,1,0,0.17,63,"6,737","1,401",422,6,5,4,0,0,"22,051","10,087","32,138"
65,SlaYer,Trained to Kill,6,0,38,228,2,0,0,0,0,"5,296","1,304",373,6,4,5,0,0,"47,056","6,201","53,257"